date,usd_uzs_rate
2019-01-01,8336.25
2019-01-02,8336.25
2019-01-03,8336.25
2019-01-04,8336.25
2019-01-05,8336.25
2019-01-06,8336.25
2019-01-07,8336.25
2019-01-08,8337.07
2019-01-09,8337.07
2019-01-10,8337.07
2019-01-11,8337.07
2019-01-12,8337.07
2019-01-13,8337.07
2019-01-14,8337.07
2019-01-15,8356.18
2019-01-16,8356.18
2019-01-17,8356.18
2019-01-18,8356.18
2019-01-19,8356.18
2019-01-20,8356.18
2019-01-21,8356.18
2019-01-22,8378.18
2019-01-23,8378.18
2019-01-24,8378.18
2019-01-25,8378.18
2019-01-26,8378.18
2019-01-27,8378.18
2019-01-28,8378.18
2019-01-29,8384.94
2019-01-30,8384.94
2019-01-31,8384.94
2019-02-01,8384.94
2019-02-02,8384.94
2019-02-03,8384.94
2019-02-04,8384.94
2019-02-05,8401.53
2019-02-06,8401.53
2019-02-07,8401.53
2019-02-08,8401.53
2019-02-09,8401.53
2019-02-10,8401.53
2019-02-11,8401.53
2019-02-12,8395.15
2019-02-13,8395.15
2019-02-14,8395.15
2019-02-15,8395.15
2019-02-16,8395.15
2019-02-17,8395.15
2019-02-18,8395.15
2019-02-19,8392.2
2019-02-20,8392.2
2019-02-21,8392.2
2019-02-22,8392.2
2019-02-23,8392.2
2019-02-24,8392.2
2019-02-25,8392.2
2019-02-26,8403.19
2019-02-27,8403.19
2019-02-28,8403.19
2019-03-01,8403.19
2019-03-02,8403.19
2019-03-03,8403.19
2019-03-04,8403.19
2019-03-05,8392.96
2019-03-06,8392.96
2019-03-07,8392.96
2019-03-08,8392.96
2019-03-09,8392.96
2019-03-10,8392.96
2019-03-11,8392.96
2019-03-12,8374.1
2019-03-13,8374.1
2019-03-14,8374.1
2019-03-15,8374.1
2019-03-16,8374.1
2019-03-17,8374.1
2019-03-18,8374.1
2019-03-19,8378.04
2019-03-20,8378.04
2019-03-21,8378.04
2019-03-22,8378.04
2019-03-23,8378.04
2019-03-24,8378.04
2019-03-25,8378.04
2019-03-26,8389.97
2019-03-27,8389.97
2019-03-28,8389.97
2019-03-29,8389.97
2019-03-30,8389.97
2019-03-31,8389.97
2019-04-01,8389.97
2019-04-02,8419.62
2019-04-03,8419.62
2019-04-04,8419.62
2019-04-05,8419.62
2019-04-06,8419.62
2019-04-07,8419.62
2019-04-08,8419.62
2019-04-09,8451.37
2019-04-10,8451.37
2019-04-11,8451.37
2019-04-12,8451.37
2019-04-13,8451.37
2019-04-14,8451.37
2019-04-15,8451.37
2019-04-16,8455.37
2019-04-17,8455.37
2019-04-18,8455.37
2019-04-19,8455.37
2019-04-20,8455.37
2019-04-21,8455.37
2019-04-22,8455.37
2019-04-23,8441.36
2019-04-24,8441.36
2019-04-25,8441.36
2019-04-26,8441.36
2019-04-27,8441.36
2019-04-28,8441.36
2019-04-29,8441.36
2019-04-30,8445.49
2019-05-01,8445.49
2019-05-02,8445.49
2019-05-03,8445.49
2019-05-04,8445.49
2019-05-05,8445.49
2019-05-06,8445.49
2019-05-07,8448.89
2019-05-08,8448.89
2019-05-09,8448.89
2019-05-10,8448.89
2019-05-11,8448.89
2019-05-12,8448.89
2019-05-13,8448.89
2019-05-14,8458.16
2019-05-15,8458.16
2019-05-16,8458.16
2019-05-17,8458.16
2019-05-18,8458.16
2019-05-19,8458.16
2019-05-20,8458.16
2019-05-21,8460.92
2019-05-22,8460.92
2019-05-23,8460.92
2019-05-24,8460.92
2019-05-25,8460.92
2019-05-26,8460.92
2019-05-27,8460.92
2019-05-28,8485.91
2019-05-29,8485.91
2019-05-30,8485.91
2019-05-31,8485.91
2019-06-01,8485.91
2019-06-02,8485.91
2019-06-03,8485.91
2019-06-04,8513.57
2019-06-05,8513.57
2019-06-06,8513.57
2019-06-07,8513.57
2019-06-08,8513.57
2019-06-09,8513.57
2019-06-10,8513.57
2019-06-11,8518.68
2019-06-12,8518.68
2019-06-13,8518.68
2019-06-14,8518.68
2019-06-15,8518.68
2019-06-16,8518.68
2019-06-17,8518.68
2019-06-18,8535.74
2019-06-19,8535.74
2019-06-20,8535.74
2019-06-21,8535.74
2019-06-22,8535.74
2019-06-23,8535.74
2019-06-24,8535.74
2019-06-25,8562.34
2019-06-26,8562.34
2019-06-27,8562.34
2019-06-28,8562.34
2019-06-29,8562.34
2019-06-30,8562.34
2019-07-01,8562.34
2019-07-02,8574.74
2019-07-03,8574.74
2019-07-04,8574.74
2019-07-05,8574.74
2019-07-06,8574.74
2019-07-07,8574.74
2019-07-08,8574.74
2019-07-09,8578.36
2019-07-10,8578.36
2019-07-11,8578.36
2019-07-12,8578.36
2019-07-13,8578.36
2019-07-14,8578.36
2019-07-15,8578.36
2019-07-16,8584.5
2019-07-17,8584.5
2019-07-18,8584.5
2019-07-19,8584.5
2019-07-20,8584.5
2019-07-21,8584.5
2019-07-22,8584.5
2019-07-23,8624.51
2019-07-24,8624.51
2019-07-25,8624.51
2019-07-26,8624.51
2019-07-27,8624.51
2019-07-28,8624.51
2019-07-29,8624.51
2019-07-30,8666.71
2019-07-31,8666.71
2019-08-01,8666.71
2019-08-02,8666.71
2019-08-03,8666.71
2019-08-04,8666.71
2019-08-05,8666.71
2019-08-06,8704.87
2019-08-07,8704.87
2019-08-08,8704.87
2019-08-09,8704.87
2019-08-10,8882.0
2019-08-11,8882.0
2019-08-12,8882.0
2019-08-13,8882.0
2019-08-14,8882.0
2019-08-15,8882.0
2019-08-16,9061.0
2019-08-17,9061.0
2019-08-18,9061.0
2019-08-19,9061.0
2019-08-20,9061.0
2019-08-21,9384.0
2019-08-22,9384.0
2019-08-23,9384.0
2019-08-24,9384.0
2019-08-25,9384.0
2019-08-26,9384.0
2019-08-27,9373.93
2019-08-28,9373.93
2019-08-29,9373.93
2019-08-30,9373.93
2019-08-31,9373.93
2019-09-01,9373.93
2019-09-02,9373.93
2019-09-03,9373.93
2019-09-04,9373.93
2019-09-05,9384.57
2019-09-06,9384.57
2019-09-07,9384.57
2019-09-08,9384.57
2019-09-09,9384.57
2019-09-10,9395.63
2019-09-11,9395.63
2019-09-12,9395.63
2019-09-13,9395.63
2019-09-14,9395.63
2019-09-15,9395.63
2019-09-16,9395.63
2019-09-17,9411.3
2019-09-18,9411.3
2019-09-19,9411.3
2019-09-20,9411.3
2019-09-21,9411.3
2019-09-22,9411.3
2019-09-23,9411.3
2019-09-24,9424.54
2019-09-25,9424.54
2019-09-26,9424.54
2019-09-27,9424.54
2019-09-28,9424.54
2019-09-29,9424.54
2019-09-30,9424.54
2019-10-01,9446.65
2019-10-02,9446.65
2019-10-03,9446.65
2019-10-04,9446.65
2019-10-05,9446.65
2019-10-06,9446.65
2019-10-07,9446.65
2019-10-08,9433.34
2019-10-09,9433.34
2019-10-10,9433.34
2019-10-11,9433.34
2019-10-12,9433.34
2019-10-13,9433.34
2019-10-14,9433.34
2019-10-15,9455.24
2019-10-16,9455.24
2019-10-17,9455.24
2019-10-18,9455.24
2019-10-19,9455.24
2019-10-20,9455.24
2019-10-21,9455.24
2019-10-22,9448.53
2019-10-23,9448.53
2019-10-24,9448.53
2019-10-25,9448.53
2019-10-26,9448.53
2019-10-27,9448.53
2019-10-28,9448.53
2019-10-29,9463.37
2019-10-30,9463.37
2019-10-31,9463.37
2019-11-01,9463.37
2019-11-02,9463.37
2019-11-03,9463.37
2019-11-04,9463.37
2019-11-05,9467.27
2019-11-06,9467.27
2019-11-07,9467.27
2019-11-08,9467.27
2019-11-09,9467.27
2019-11-10,9467.27
2019-11-11,9467.27
2019-11-12,9490.77
2019-11-13,9490.77
2019-11-14,9490.77
2019-11-15,9490.77
2019-11-16,9490.77
2019-11-17,9490.77
2019-11-18,9490.77
2019-11-19,9500.96
2019-11-20,9500.96
2019-11-21,9500.96
2019-11-22,9500.96
2019-11-23,9500.96
2019-11-24,9500.96
2019-11-25,9500.96
2019-11-26,9494.68
2019-11-27,9494.68
2019-11-28,9494.68
2019-11-29,9494.68
2019-11-30,9494.68
2019-12-01,9494.68
2019-12-02,9494.68
2019-12-03,9510.99
2019-12-04,9510.99
2019-12-05,9510.99
2019-12-06,9510.99
2019-12-07,9510.99
2019-12-08,9510.99
2019-12-09,9510.99
2019-12-10,9537.55
2019-12-11,9537.55
2019-12-12,9537.55
2019-12-13,9537.55
2019-12-14,9537.55
2019-12-15,9537.55
2019-12-16,9537.55
2019-12-17,9532.4
2019-12-18,9532.4
2019-12-19,9532.4
2019-12-20,9532.4
2019-12-21,9532.4
2019-12-22,9532.4
2019-12-23,9532.4
2019-12-24,9516.37
2019-12-25,9516.37
2019-12-26,9516.37
2019-12-27,9516.37
2019-12-28,9516.37
2019-12-29,9516.37
2019-12-30,9516.37
2019-12-31,9507.56
2020-01-01,9507.56
2020-01-02,9507.56
2020-01-03,9507.56
2020-01-04,9507.56
2020-01-05,9507.56
2020-01-06,9507.56
2020-01-07,9507.89
2020-01-08,9507.89
2020-01-09,9507.89
2020-01-10,9507.89
2020-01-11,9507.89
2020-01-12,9507.89
2020-01-13,9507.89
2020-01-14,9550.76
2020-01-15,9550.76
2020-01-16,9550.76
2020-01-17,9550.76
2020-01-18,9550.76
2020-01-19,9550.76
2020-01-20,9550.76
2020-01-21,9547.05
2020-01-22,9547.05
2020-01-23,9547.05
2020-01-24,9547.05
2020-01-25,9547.05
2020-01-26,9547.05
2020-01-27,9547.05
2020-01-28,9563.33
2020-01-29,9563.33
2020-01-30,9563.33
2020-01-31,9563.33
2020-02-01,9563.33
2020-02-02,9563.33
2020-02-03,9563.33
2020-02-04,9541.74
2020-02-05,9541.74
2020-02-06,9541.74
2020-02-07,9541.74
2020-02-08,9541.74
2020-02-09,9541.74
2020-02-10,9541.74
2020-02-11,9539.16
2020-02-12,9539.16
2020-02-13,9539.16
2020-02-14,9539.16
2020-02-15,9539.16
2020-02-16,9539.16
2020-02-17,9539.16
2020-02-18,9528.49
2020-02-19,9528.49
2020-02-20,9528.49
2020-02-21,9528.49
2020-02-22,9528.49
2020-02-23,9528.49
2020-02-24,9528.49
2020-02-25,9526.28
2020-02-26,9526.28
2020-02-27,9526.28
2020-02-28,9526.28
2020-02-29,9526.28
2020-03-01,9526.28
2020-03-02,9526.28
2020-03-03,9513.84
2020-03-04,9513.84
2020-03-05,9513.84
2020-03-06,9513.84
2020-03-07,9513.84
2020-03-08,9513.84
2020-03-09,9513.84
2020-03-10,9500.54
2020-03-11,9500.54
2020-03-12,9500.54
2020-03-13,9500.54
2020-03-14,9500.54
2020-03-15,9500.54
2020-03-16,9500.54
2020-03-17,9520.34
2020-03-18,9520.34
2020-03-19,9520.34
2020-03-20,9520.34
2020-03-21,9520.34
2020-03-22,9520.34
2020-03-23,9520.34
2020-03-24,9520.34
2020-03-25,9532.74
2020-03-26,9532.74
2020-03-27,9532.74
2020-03-28,9532.74
2020-03-29,9532.74
2020-03-30,9532.74
2020-03-31,9554.22
2020-04-01,9554.22
2020-04-02,9554.22
2020-04-03,9554.22
2020-04-04,9554.22
2020-04-05,9554.22
2020-04-06,9554.22
2020-04-07,9590.1
2020-04-08,9590.1
2020-04-09,9590.1
2020-04-10,9590.1
2020-04-11,9590.1
2020-04-12,9590.1
2020-04-13,9590.1
2020-04-14,9693.36
2020-04-15,9693.36
2020-04-16,10121.0
2020-04-17,10121.0
2020-04-18,10121.0
2020-04-19,10121.0
2020-04-20,10121.0
2020-04-21,10137.94
2020-04-22,10137.94
2020-04-23,10137.94
2020-04-24,10137.94
2020-04-25,10137.94
2020-04-26,10137.94
2020-04-27,10137.94
2020-04-28,10130.0
2020-04-29,10130.0
2020-04-30,10130.0
2020-05-01,10130.0
2020-05-02,10130.0
2020-05-03,10130.0
2020-05-04,10130.0
2020-05-05,10129.39
2020-05-06,10129.39
2020-05-07,10129.39
2020-05-08,10129.39
2020-05-09,10129.39
2020-05-10,10129.39
2020-05-11,10129.39
2020-05-12,10137.2
2020-05-13,10137.2
2020-05-14,10137.2
2020-05-15,10137.2
2020-05-16,10137.2
2020-05-17,10137.2
2020-05-18,10137.2
2020-05-19,10129.56
2020-05-20,10129.56
2020-05-21,10129.56
2020-05-22,10129.56
2020-05-23,10129.56
2020-05-24,10129.56
2020-05-25,10129.56
2020-05-26,10139.3
2020-05-27,10139.3
2020-05-28,10139.3
2020-05-29,10139.3
2020-05-30,10139.3
2020-05-31,10139.3
2020-06-01,10139.3
2020-06-02,10148.31
2020-06-03,10148.31
2020-06-04,10148.31
2020-06-05,10148.31
2020-06-06,10148.31
2020-06-07,10148.31
2020-06-08,10148.31
2020-06-09,10153.19
2020-06-10,10153.19
2020-06-11,10153.19
2020-06-12,10153.19
2020-06-13,10153.19
2020-06-14,10153.19
2020-06-15,10153.19
2020-06-16,10151.9
2020-06-17,10151.9
2020-06-18,10151.9
2020-06-19,10151.9
2020-06-20,10151.9
2020-06-21,10151.9
2020-06-22,10151.9
2020-06-23,10172.76
2020-06-24,10172.76
2020-06-25,10172.76
2020-06-26,10172.76
2020-06-27,10172.76
2020-06-28,10172.76
2020-06-29,10172.76
2020-06-30,10173.38
2020-07-01,10173.38
2020-07-02,10173.38
2020-07-03,10173.38
2020-07-04,10173.38
2020-07-05,10173.38
2020-07-06,10173.38
2020-07-07,10184.73
2020-07-08,10184.73
2020-07-09,10184.73
2020-07-10,10184.73
2020-07-11,10184.73
2020-07-12,10184.73
2020-07-13,10184.73
2020-07-14,10194.96
2020-07-15,10194.96
2020-07-16,10194.96
2020-07-17,10194.96
2020-07-18,10194.96
2020-07-19,10194.96
2020-07-20,10194.96
2020-07-21,10210.39
2020-07-22,10210.39
2020-07-23,10210.39
2020-07-24,10210.39
2020-07-25,10210.39
2020-07-26,10210.39
2020-07-27,10210.39
2020-07-28,10207.69
2020-07-29,10207.69
2020-07-30,10207.69
2020-07-31,10207.69
2020-08-01,10207.69
2020-08-02,10207.69
2020-08-03,10207.69
2020-08-04,10209.86
2020-08-05,10209.86
2020-08-06,10209.86
2020-08-07,10209.86
2020-08-08,10209.86
2020-08-09,10209.86
2020-08-10,10209.86
2020-08-11,10231.71
2020-08-12,10231.71
2020-08-13,10231.71
2020-08-14,10231.71
2020-08-15,10231.71
2020-08-16,10231.71
2020-08-17,10231.71
2020-08-18,10246.71
2020-08-19,10246.71
2020-08-20,10246.71
2020-08-21,10246.71
2020-08-22,10246.71
2020-08-23,10246.71
2020-08-24,10246.71
2020-08-25,10262.87
2020-08-26,10262.87
2020-08-27,10262.87
2020-08-28,10262.87
2020-08-29,10262.87
2020-08-30,10262.87
2020-08-31,10262.87
2020-09-01,10262.87
2020-09-02,10262.87
2020-09-03,10270.08
2020-09-04,10270.08
2020-09-05,10270.08
2020-09-06,10270.08
2020-09-07,10270.08
2020-09-08,10274.17
2020-09-09,10274.17
2020-09-10,10274.17
2020-09-11,10274.17
2020-09-12,10274.17
2020-09-13,10274.17
2020-09-14,10274.17
2020-09-15,10295.33
2020-09-16,10295.33
2020-09-17,10295.33
2020-09-18,10295.33
2020-09-19,10295.33
2020-09-20,10295.33
2020-09-21,10295.33
2020-09-22,10315.62
2020-09-23,10315.62
2020-09-24,10315.62
2020-09-25,10315.62
2020-09-26,10315.62
2020-09-27,10315.62
2020-09-28,10315.62
2020-09-29,10321.21
2020-09-30,10321.21
2020-10-01,10321.21
2020-10-02,10321.21
2020-10-03,10321.21
2020-10-04,10321.21
2020-10-05,10321.21
2020-10-06,10339.68
2020-10-07,10339.68
2020-10-08,10339.68
2020-10-09,10339.68
2020-10-10,10339.68
2020-10-11,10339.68
2020-10-12,10339.68
2020-10-13,10364.48
2020-10-14,10364.48
2020-10-15,10364.48
2020-10-16,10364.48
2020-10-17,10364.48
2020-10-18,10364.48
2020-10-19,10364.48
2020-10-20,10371.76
2020-10-21,10371.76
2020-10-22,10371.76
2020-10-23,10371.76
2020-10-24,10371.76
2020-10-25,10371.76
2020-10-26,10371.76
2020-10-27,10359.88
2020-10-28,10359.88
2020-10-29,10359.88
2020-10-30,10359.88
2020-10-31,10359.88
2020-11-01,10359.88
2020-11-02,10359.88
2020-11-03,10366.86
2020-11-04,10366.86
2020-11-05,10366.86
2020-11-06,10366.86
2020-11-07,10366.86
2020-11-08,10366.86
2020-11-09,10366.86
2020-11-10,10378.88
2020-11-11,10378.88
2020-11-12,10378.88
2020-11-13,10378.88
2020-11-14,10378.88
2020-11-15,10378.88
2020-11-16,10378.88
2020-11-17,10390.93
2020-11-18,10390.93
2020-11-19,10390.93
2020-11-20,10390.93
2020-11-21,10390.93
2020-11-22,10390.93
2020-11-23,10390.93
2020-11-24,10414.86
2020-11-25,10414.86
2020-11-26,10414.86
2020-11-27,10414.86
2020-11-28,10414.86
2020-11-29,10414.86
2020-11-30,10414.86
2020-12-01,10427.38
2020-12-02,10427.38
2020-12-03,10427.38
2020-12-04,10427.38
2020-12-05,10427.38
2020-12-06,10427.38
2020-12-07,10427.38
2020-12-08,10443.07
2020-12-09,10443.07
2020-12-10,10443.07
2020-12-11,10443.07
2020-12-12,10443.07
2020-12-13,10443.07
2020-12-14,10443.07
2020-12-15,10463.12
2020-12-16,10463.12
2020-12-17,10463.12
2020-12-18,10463.12
2020-12-19,10463.12
2020-12-20,10463.12
2020-12-21,10463.12
2020-12-22,10473.77
2020-12-23,10473.77
2020-12-24,10473.77
2020-12-25,10473.77
2020-12-26,10473.77
2020-12-27,10473.77
2020-12-28,10473.77
2020-12-29,10476.92
2020-12-30,10476.92
2020-12-31,10476.92
2021-01-01,10476.92
2021-01-02,10476.92
2021-01-03,10476.92
2021-01-04,10476.92
2021-01-05,10449.44
2021-01-06,10449.44
2021-01-07,10449.44
2021-01-08,10449.44
2021-01-09,10449.44
2021-01-10,10449.44
2021-01-11,10449.44
2021-01-12,10473.2
2021-01-13,10473.2
2021-01-14,10473.2
2021-01-15,10473.2
2021-01-16,10473.2
2021-01-17,10473.2
2021-01-18,10473.2
2021-01-19,10500.81
2021-01-20,10500.81
2021-01-21,10500.81
2021-01-22,10500.81
2021-01-23,10500.81
2021-01-24,10500.81
2021-01-25,10500.81
2021-01-26,10518.99
2021-01-27,10518.99
2021-01-28,10518.99
2021-01-29,10518.99
2021-01-30,10518.99
2021-01-31,10518.99
2021-02-01,10518.99
2021-02-02,10540.44
2021-02-03,10540.44
2021-02-04,10540.44
2021-02-05,10540.44
2021-02-06,10540.44
2021-02-07,10540.44
2021-02-08,10540.44
2021-02-09,10530.83
2021-02-10,10530.83
2021-02-11,10530.83
2021-02-12,10530.83
2021-02-13,10530.83
2021-02-14,10530.83
2021-02-15,10530.83
2021-02-16,10540.09
2021-02-17,10527.18
2021-02-18,10521.48
2021-02-19,10514.58
2021-02-20,10514.58
2021-02-21,10514.58
2021-02-22,10532.27
2021-02-23,10549.65
2021-02-24,10542.46
2021-02-25,10554.34
2021-02-26,10538.53
2021-02-27,10538.53
2021-02-28,10538.53
2021-03-01,10525.5
2021-03-02,10517.12
2021-03-03,10500.03
2021-03-04,10487.54
2021-03-05,10477.86
2021-03-06,10477.86
2021-03-07,10477.86
2021-03-08,10477.86
2021-03-09,10490.65
2021-03-10,10497.47
2021-03-11,10503.92
2021-03-12,10513.56
2021-03-13,10513.56
2021-03-14,10513.56
2021-03-15,10518.91
2021-03-16,10528.59
2021-03-17,10536.0
2021-03-18,10523.63
2021-03-19,10513.97
2021-03-20,10513.97
2021-03-21,10513.97
2021-03-22,10513.97
2021-03-23,10505.92
2021-03-24,10496.2
2021-03-25,10507.68
2021-03-26,10490.34
2021-03-27,10510.0
2021-03-28,10510.0
2021-03-29,10502.0
2021-03-30,10486.46
2021-03-31,10474.98
2021-04-01,10485.66
2021-04-02,10472.51
2021-04-03,10472.51
2021-04-04,10472.51
2021-04-05,10472.67
2021-04-06,10482.97
2021-04-07,10468.06
2021-04-08,10479.24
2021-04-09,10473.07
2021-04-10,10473.07
2021-04-11,10473.07
2021-04-12,10477.92
2021-04-13,10475.41
2021-04-14,10492.36
2021-04-15,10496.99
2021-04-16,10507.46
2021-04-17,10507.46
2021-04-18,10507.46
2021-04-19,10512.18
2021-04-20,10525.64
2021-04-21,10537.76
2021-04-22,10552.01
2021-04-23,10535.24
2021-04-24,10535.24
2021-04-25,10535.24
2021-04-26,10539.52
2021-04-27,10548.18
2021-04-28,10529.51
2021-04-29,10515.04
2021-04-30,10509.11
2021-05-01,10509.11
2021-05-02,10509.11
2021-05-03,10523.0
2021-05-04,10522.5
2021-05-05,10513.94
2021-05-06,10501.22
2021-05-07,10493.48
2021-05-08,10493.48
2021-05-09,10493.48
2021-05-10,10511.84
2021-05-11,10529.73
2021-05-12,10542.66
2021-05-13,10542.66
2021-05-14,10542.66
2021-05-15,10542.66
2021-05-16,10542.66
2021-05-17,10550.84
2021-05-18,10566.11
2021-05-19,10577.0
2021-05-20,10586.0
2021-05-21,10597.75
2021-05-22,10597.75
2021-05-23,10597.75
2021-05-24,10578.28
2021-05-25,10596.76
2021-05-26,10601.54
2021-05-27,10609.91
2021-05-28,10589.03
2021-05-29,10589.03
2021-05-30,10589.03
2021-05-31,10580.65
2021-06-01,10568.21
2021-06-02,10559.82
2021-06-03,10550.74
2021-06-04,10539.2
2021-06-05,10539.2
2021-06-06,10539.2
2021-06-07,10547.56
2021-06-08,10532.12
2021-06-09,10554.96
2021-06-10,10571.4
2021-06-11,10588.01
2021-06-12,10588.01
2021-06-13,10588.01
2021-06-14,10597.04
2021-06-15,10609.0
2021-06-16,10616.02
2021-06-17,10590.46
2021-06-18,10581.03
2021-06-19,10581.03
2021-06-20,10581.03
2021-06-21,10567.6
2021-06-22,10586.85
2021-06-23,10581.36
2021-06-24,10571.88
2021-06-25,10564.96
2021-06-26,10564.96
2021-06-27,10564.96
2021-06-28,10576.0
2021-06-29,10586.83
2021-06-30,10605.3
2021-07-01,10591.0
2021-07-02,10587.59
2021-07-03,10587.59
2021-07-04,10587.59
2021-07-05,10613.54
2021-07-06,10593.6
2021-07-07,10602.56
2021-07-08,10625.04
2021-07-09,10630.75
2021-07-10,10630.75
2021-07-11,10630.75
2021-07-12,10621.49
2021-07-13,10637.0
2021-07-14,10649.09
2021-07-15,10660.0
2021-07-16,10650.66
2021-07-17,10625.97
2021-07-18,10625.97
2021-07-19,10611.38
2021-07-20,10611.38
2021-07-21,10611.38
2021-07-22,10611.38
2021-07-23,10598.66
2021-07-24,10615.49
2021-07-25,10615.49
2021-07-26,10634.36
2021-07-27,10657.35
2021-07-28,10670.0
2021-07-29,10648.03
2021-07-30,10625.0
2021-07-31,10625.0
2021-08-01,10625.0
2021-08-02,10642.43
2021-08-03,10654.0
2021-08-04,10646.98
2021-08-05,10635.0
2021-08-06,10618.18
2021-08-07,10618.18
2021-08-08,10618.18
2021-08-09,10639.79
2021-08-10,10628.0
2021-08-11,10651.0
2021-08-12,10660.03
2021-08-13,10672.0
2021-08-14,10672.0
2021-08-15,10672.0
2021-08-16,10683.0
2021-08-17,10660.0
2021-08-18,10652.31
2021-08-19,10644.0
2021-08-20,10632.0
2021-08-21,10632.0
2021-08-22,10632.0
2021-08-23,10640.6
2021-08-24,10641.14
2021-08-25,10634.35
2021-08-26,10654.01
2021-08-27,10640.74
2021-08-28,10640.74
2021-08-29,10640.74
2021-08-30,10651.89
2021-08-31,10653.18
2021-09-01,10653.18
2021-09-02,10653.18
2021-09-03,10653.18
2021-09-04,10653.18
2021-09-05,10653.18
2021-09-06,10671.0
2021-09-07,10685.07
2021-09-08,10695.23
2021-09-09,10682.86
2021-09-10,10668.09
2021-09-11,10668.09
2021-09-12,10668.09
2021-09-13,10655.91
2021-09-14,10651.69
2021-09-15,10686.62
2021-09-16,10706.0
2021-09-17,10681.06
2021-09-18,10681.06
2021-09-19,10681.06
2021-09-20,10674.08
2021-09-21,10686.7
2021-09-22,10688.1
2021-09-23,10679.05
2021-09-24,10670.0
2021-09-25,10670.0
2021-09-26,10670.0
2021-09-27,10650.06
2021-09-28,10665.73
2021-09-29,10675.61
2021-09-30,10691.91
2021-10-01,10691.91
2021-10-02,10691.91
2021-10-03,10691.91
2021-10-04,10692.0
2021-10-05,10677.66
2021-10-06,10688.06
2021-10-07,10671.04
2021-10-08,10677.89
2021-10-09,10677.89
2021-10-10,10677.89
2021-10-11,10680.37
2021-10-12,10666.0
2021-10-13,10684.01
2021-10-14,10700.03
2021-10-15,10710.63
2021-10-16,10710.63
2021-10-17,10710.63
2021-10-18,10705.0
2021-10-19,10700.64
2021-10-20,10702.31
2021-10-21,10682.01
2021-10-22,10692.0
2021-10-23,10692.0
2021-10-24,10692.0
2021-10-25,10703.02
2021-10-26,10695.0
2021-10-27,10683.68
2021-10-28,10676.0
2021-10-29,10683.0
2021-10-30,10683.0
2021-10-31,10683.0
2021-11-01,10674.21
2021-11-02,10690.08
2021-11-03,10712.0
2021-11-04,10695.06
2021-11-05,10680.4
2021-11-06,10680.4
2021-11-07,10680.4
2021-11-08,10705.26
2021-11-09,10693.0
2021-11-10,10680.09
2021-11-11,10715.3
2021-11-12,10732.04
2021-11-13,10732.04
2021-11-14,10732.04
2021-11-15,10737.06
2021-11-16,10721.24
2021-11-17,10740.8
2021-11-18,10755.26
2021-11-19,10768.1
2021-11-20,10768.1
2021-11-21,10768.1
2021-11-22,10741.33
2021-11-23,10756.03
2021-11-24,10765.12
2021-11-25,10745.4
2021-11-26,10757.57
2021-11-27,10757.57
2021-11-28,10757.57
2021-11-29,10777.04
2021-11-30,10787.03
2021-12-01,10778.98
2021-12-02,10766.49
2021-12-03,10760.27
2021-12-04,10760.27
2021-12-05,10760.27
2021-12-06,10775.34
2021-12-07,10769.78
2021-12-08,10769.78
2021-12-09,10782.24
2021-12-10,10795.73
2021-12-11,10795.73
2021-12-12,10795.73
2021-12-13,10807.48
2021-12-14,10826.29
2021-12-15,10845.0
2021-12-16,10830.15
2021-12-17,10840.22
2021-12-18,10840.22
2021-12-19,10840.22
2021-12-20,10821.32
2021-12-21,10828.37
2021-12-22,10837.65
2021-12-23,10848.58
2021-12-24,10807.25
2021-12-25,10807.25
2021-12-26,10807.25
2021-12-27,10798.23
2021-12-28,10810.15
2021-12-29,10810.22
2021-12-30,10837.66
2021-12-31,10837.66
2022-01-01,10837.66
2022-01-02,10837.66
2022-01-03,10837.66
2022-01-04,10837.66
2022-01-05,10819.67
2022-01-06,10812.0
2022-01-07,10805.43
2022-01-08,10818.05
2022-01-09,10818.05
2022-01-10,10836.21
2022-01-11,10840.02
2022-01-12,10855.02
2022-01-13,10860.17
2022-01-14,10852.04
2022-01-15,10852.04
2022-01-16,10852.04
2022-01-17,10839.97
2022-01-18,10824.97
2022-01-19,10809.74
2022-01-20,10817.25
2022-01-21,10835.07
2022-01-22,10835.07
2022-01-23,10835.07
2022-01-24,10845.02
2022-01-25,10825.0
2022-01-26,10818.0
2022-01-27,10803.97
2022-01-28,10804.0
2022-01-29,10804.0
2022-01-30,10804.0
2022-01-31,10815.16
2022-02-01,10804.86
2022-02-02,10813.0
2022-02-03,10825.07
2022-02-04,10835.21
2022-02-05,10835.21
2022-02-06,10835.21
2022-02-07,10853.02
2022-02-08,10855.11
2022-02-09,10840.11
2022-02-10,10835.0
2022-02-11,10851.24
2022-02-12,10851.24
2022-02-13,10851.24
2022-02-14,10860.64
2022-02-15,10844.02
2022-02-16,10837.16
2022-02-17,10845.08
2022-02-18,10856.41
2022-02-19,10856.41
2022-02-20,10856.41
2022-02-21,10841.22
2022-02-22,10888.07
2022-02-23,10869.8
2022-02-24,10840.28
2022-02-25,10850.85
2022-02-26,10850.85
2022-02-27,10850.85
2022-02-28,10860.0
2022-03-01,10872.41
2022-03-02,10861.8
2022-03-03,10887.83
2022-03-04,10900.25
2022-03-05,10900.25
2022-03-06,10900.25
2022-03-07,10910.43
2022-03-08,10910.43
2022-03-09,10897.27
2022-03-10,10918.68
2022-03-11,10957.36
2022-03-12,10957.36
2022-03-13,10957.36
2022-03-14,10998.06
2022-03-15,11033.03
2022-03-16,11150.12
2022-03-17,11330.38
2022-03-18,11571.99
2022-03-19,11571.99
2022-03-20,11571.99
2022-03-21,11571.99
2022-03-22,11571.99
2022-03-23,11571.99
2022-03-24,11509.59
2022-03-25,11483.91
2022-03-26,11483.91
2022-03-27,11483.91
2022-03-28,11486.87
2022-03-29,11474.3
2022-03-30,11442.67
2022-03-31,11400.21
2022-04-01,11395.02
2022-04-02,11395.02
2022-04-03,11395.02
2022-04-04,11404.61
2022-04-05,11408.5
2022-04-06,11385.07
2022-04-07,11370.56
2022-04-08,11362.51
2022-04-09,11362.51
2022-04-10,11362.51
2022-04-11,11344.69
2022-04-12,11329.38
2022-04-13,11315.0
2022-04-14,11335.97
2022-04-15,11320.0
2022-04-16,11320.0
2022-04-17,11320.0
2022-04-18,11299.42
2022-04-19,11278.02
2022-04-20,11259.37
2022-04-21,11281.8
2022-04-22,11302.08
2022-04-23,11302.08
2022-04-24,11302.08
2022-04-25,11260.28
2022-04-26,11246.9
2022-04-27,11221.87
2022-04-28,11200.06
2022-04-29,11179.8
2022-04-30,11179.8
2022-05-01,11179.8
2022-05-02,11179.8
2022-05-03,11179.8
2022-05-04,11179.8
2022-05-05,11161.96
2022-05-06,11132.56
2022-05-07,11115.9
2022-05-08,11115.9
2022-05-09,11115.9
2022-05-10,11141.8
2022-05-11,11162.03
2022-05-12,11184.63
2022-05-13,11165.92
2022-05-14,11165.92
2022-05-15,11165.92
2022-05-16,11150.14
2022-05-17,11164.86
2022-05-18,11145.21
2022-05-19,11130.57
2022-05-20,11088.2
2022-05-21,11088.2
2022-05-22,11088.2
2022-05-23,11095.09
2022-05-24,11084.9
2022-05-25,11074.93
2022-05-26,11063.01
2022-05-27,11045.25
2022-05-28,11045.25
2022-05-29,11045.25
2022-05-30,11034.15
2022-05-31,11010.88
2022-06-01,10985.79
2022-06-02,10980.02
2022-06-03,10994.67
2022-06-04,10994.67
2022-06-05,10994.67
2022-06-06,11012.06
2022-06-07,11031.7
2022-06-08,11046.94
2022-06-09,11039.96
2022-06-10,11021.19
2022-06-11,11021.19
2022-06-12,11021.19
2022-06-13,11005.03
2022-06-14,10992.2
2022-06-15,10975.02
2022-06-16,10960.11
2022-06-17,10969.48
2022-06-18,10969.48
2022-06-19,10969.48
2022-06-20,10950.03
2022-06-21,10928.12
2022-06-22,10895.99
2022-06-23,10847.08
2022-06-24,10830.17
2022-06-25,10830.17
2022-06-26,10830.17
2022-06-27,10839.9
2022-06-28,10823.52
2022-06-29,10800.55
2022-06-30,10860.25
2022-07-01,10865.94
2022-07-02,10865.94
2022-07-03,10865.94
2022-07-04,10850.1
2022-07-05,10836.69
2022-07-06,10860.14
2022-07-07,10887.87
2022-07-08,10912.3
2022-07-09,10912.3
2022-07-10,10912.3
2022-07-11,10912.3
2022-07-12,10912.3
2022-07-13,10920.28
2022-07-14,10935.19
2022-07-15,10950.29
2022-07-16,10981.93
2022-07-17,10981.93
2022-07-18,10970.18
2022-07-19,10949.91
2022-07-20,10925.55
2022-07-21,10908.0
2022-07-22,10899.85
2022-07-23,10899.85
2022-07-24,10899.85
2022-07-25,10919.98
2022-07-26,10967.06
2022-07-27,10960.17
2022-07-28,10942.4
2022-07-29,10908.11
2022-07-30,10908.11
2022-07-31,10908.11
2022-08-01,10912.36
2022-08-02,10941.07
2022-08-03,10960.12
2022-08-04,10942.58
2022-08-05,10919.89
2022-08-06,10919.89
2022-08-07,10919.89
2022-08-08,10886.0
2022-08-09,10875.37
2022-08-10,10880.29
2022-08-11,10904.29
2022-08-12,10922.03
2022-08-13,10922.03
2022-08-14,10922.03
2022-08-15,10911.01
2022-08-16,10937.14
2022-08-17,10970.01
2022-08-18,10945.32
2022-08-19,10934.97
2022-08-20,10934.97
2022-08-21,10934.97
2022-08-22,10917.03
2022-08-23,10900.77
2022-08-24,10888.3
2022-08-25,10902.76
2022-08-26,10915.65
2022-08-27,10915.65
2022-08-28,10915.65
2022-08-29,10932.09
2022-08-30,10900.65
2022-08-31,10930.01
2022-09-01,10930.01
2022-09-02,10930.01
2022-09-03,10930.01
2022-09-04,10930.01
2022-09-05,10958.01
2022-09-06,10980.65
2022-09-07,10971.22
2022-09-08,10997.61
2022-09-09,10977.6
2022-09-10,10977.6
2022-09-11,10977.6
2022-09-12,10955.1
2022-09-13,10950.29
2022-09-14,10940.05
2022-09-15,10925.14
2022-09-16,10950.08
2022-09-17,10950.08
2022-09-18,10950.08
2022-09-19,10962.69
2022-09-20,10979.29
2022-09-21,10950.46
2022-09-22,10980.01
2022-09-23,11010.33
2022-09-24,11010.33
2022-09-25,11010.33
2022-09-26,11030.13
2022-09-27,11048.28
2022-09-28,11024.92
2022-09-29,10999.78
2022-09-30,11014.01
2022-10-01,11014.01
2022-10-02,11014.01
2022-10-03,11004.94
2022-10-04,10987.21
2022-10-05,11010.45
2022-10-06,11028.14
2022-10-07,11063.05
2022-10-08,11063.05
2022-10-09,11063.05
2022-10-10,11051.27
2022-10-11,11069.83
2022-10-12,11084.06
2022-10-13,11095.31
2022-10-14,11108.25
2022-10-15,11108.25
2022-10-16,11108.25
2022-10-17,11131.45
2022-10-18,11143.28
2022-10-19,11157.43
2022-10-20,11148.99
2022-10-21,11136.41
2022-10-22,11136.41
2022-10-23,11136.41
2022-10-24,11125.0
2022-10-25,11112.97
2022-10-26,11128.7
2022-10-27,11155.12
2022-10-28,11171.33
2022-10-29,11171.33
2022-10-30,11171.33
2022-10-31,11180.48
2022-11-01,11169.38
2022-11-02,11129.95
2022-11-03,11108.03
2022-11-04,11117.33
2022-11-05,11117.33
2022-11-06,11117.33
2022-11-07,11132.41
2022-11-08,11171.04
2022-11-09,11157.04
2022-11-10,11169.39
2022-11-11,11194.86
2022-11-12,11194.86
2022-11-13,11194.86
2022-11-14,11206.9
2022-11-15,11190.06
2022-11-16,11170.65
2022-11-17,11184.76
2022-11-18,11208.18
2022-11-19,11208.18
2022-11-20,11208.18
2022-11-21,11211.64
2022-11-22,11202.67
2022-11-23,11208.91
2022-11-24,11222.61
2022-11-25,11230.39
2022-11-26,11230.39
2022-11-27,11230.39
2022-11-28,11246.11
2022-11-29,11230.37
2022-11-30,11212.97
2022-12-01,11203.13
2022-12-02,11228.08
2022-12-03,11228.08
2022-12-04,11228.08
2022-12-05,11257.13
2022-12-06,11275.1
2022-12-07,11284.9
2022-12-08,11284.9
2022-12-09,11260.49
2022-12-10,11260.49
2022-12-11,11260.49
2022-12-12,11252.01
2022-12-13,11271.26
2022-12-14,11285.02
2022-12-15,11256.21
2022-12-16,11231.15
2022-12-17,11231.15
2022-12-18,11231.15
2022-12-19,11264.97
2022-12-20,11286.18
2022-12-21,11277.83
2022-12-22,11255.08
2022-12-23,11225.3
2022-12-24,11225.3
2022-12-25,11225.3
2022-12-26,11206.11
2022-12-27,11194.2
2022-12-28,11170.01
2022-12-29,11195.57
2022-12-30,11225.46
2022-12-31,11225.46
2023-01-01,11225.46
2023-01-02,11225.46
2023-01-03,11225.46
2023-01-04,11246.81
2023-01-05,11263.41
2023-01-06,11288.44
2023-01-07,11319.14
2023-01-08,11319.14
2023-01-09,11300.01
2023-01-10,11284.75
2023-01-11,11305.28
2023-01-12,11322.1
2023-01-13,11300.38
2023-01-14,11300.38
2023-01-15,11300.38
2023-01-16,11317.12
2023-01-17,11342.14
2023-01-18,11318.74
2023-01-19,11291.03
2023-01-20,11285.0
2023-01-21,11285.0
2023-01-22,11285.0
2023-01-23,11309.94
2023-01-24,11290.27
2023-01-25,11270.68
2023-01-26,11292.69
2023-01-27,11320.02
2023-01-28,11320.02
2023-01-29,11320.02
2023-01-30,11334.96
2023-01-31,11301.59
2023-02-01,11269.82
2023-02-02,11282.98
2023-02-03,11295.23
2023-02-04,11295.23
2023-02-05,11295.23
2023-02-06,11317.06
2023-02-07,11342.59
2023-02-08,11350.18
2023-02-09,11370.11
2023-02-10,11350.12
2023-02-11,11350.12
2023-02-12,11350.12
2023-02-13,11338.21
2023-02-14,11330.04
2023-02-15,11360.1
2023-02-16,11368.98
2023-02-17,11353.95
2023-02-18,11353.95
2023-02-19,11353.95
2023-02-20,11342.0
2023-02-21,11320.09
2023-02-22,11302.46
2023-02-23,11316.94
2023-02-24,11338.09
2023-02-25,11338.09
2023-02-26,11338.09
2023-02-27,11350.0
2023-02-28,11320.01
2023-03-01,11336.04
2023-03-02,11349.99
2023-03-03,11364.0
2023-03-04,11364.0
2023-03-05,11364.0
2023-03-06,11375.1
2023-03-07,11348.03
2023-03-08,11348.03
2023-03-09,11385.01
2023-03-10,11407.1
2023-03-11,11390.26
2023-03-12,11390.26
2023-03-13,11402.11
2023-03-14,11420.26
2023-03-15,11446.04
2023-03-16,11449.6
2023-03-17,11417.98
2023-03-18,11417.98
2023-03-19,11417.98
2023-03-20,11417.98
2023-03-21,11417.98
2023-03-22,11417.98
2023-03-23,11375.05
2023-03-24,11391.23
2023-03-25,11408.02
2023-03-26,11408.02
2023-03-27,11430.07
2023-03-28,11405.48
2023-03-29,11391.94
2023-03-30,11415.05
2023-03-31,11433.21
2023-04-01,11433.21
2023-04-02,11433.21
2023-04-03,11404.65
2023-04-04,11395.73
2023-04-05,11381.2
2023-04-06,11365.26
2023-04-07,11374.0
2023-04-08,11374.0
2023-04-09,11374.0
2023-04-10,11397.04
2023-04-11,11410.17
2023-04-12,11418.11
2023-04-13,11430.1
2023-04-14,11421.0
2023-04-15,11421.0
2023-04-16,11421.0
2023-04-17,11441.96
2023-04-18,11455.0
2023-04-19,11435.99
2023-04-20,11416.17
2023-04-21,11416.17
2023-04-22,11416.17
2023-04-23,11416.17
2023-04-24,11416.17
2023-04-25,11424.87
2023-04-26,11402.01
2023-04-27,11377.11
2023-04-28,11390.24
2023-04-29,11390.24
2023-04-30,11390.24
2023-05-01,11408.01
2023-05-02,11420.01
2023-05-03,11438.01
2023-05-04,11459.46
2023-05-05,11445.03
2023-05-06,11445.03
2023-05-07,11445.03
2023-05-08,11424.06
2023-05-09,11424.06
2023-05-10,11433.05
2023-05-11,11453.07
2023-05-12,11465.0
2023-05-13,11465.0
2023-05-14,11465.0
2023-05-15,11433.03
2023-05-16,11417.17
2023-05-17,11420.03
2023-05-18,11463.02
2023-05-19,11488.14
2023-05-20,11488.14
2023-05-21,11488.14
2023-05-22,11478.16
2023-05-23,11450.03
2023-05-24,11430.09
2023-05-25,11418.0
2023-05-26,11425.15
2023-05-27,11425.15
2023-05-28,11425.15
2023-05-29,11415.0
2023-05-30,11420.2
2023-05-31,11405.84
2023-06-01,11400.17
2023-06-02,11409.32
2023-06-03,11409.32
2023-06-04,11409.32
2023-06-05,11427.01
2023-06-06,11449.14
2023-06-07,11462.22
2023-06-08,11453.01
2023-06-09,11434.98
2023-06-10,11434.98
2023-06-11,11434.98
2023-06-12,11424.0
2023-06-13,11442.42
2023-06-14,11465.09
2023-06-15,11477.98
2023-06-16,11460.08
2023-06-17,11460.08
2023-06-18,11460.08
2023-06-19,11463.03
2023-06-20,11477.0
2023-06-21,11490.0
2023-06-22,11500.0
2023-06-23,11482.27
2023-06-24,11482.27
2023-06-25,11482.27
2023-06-26,11469.57
2023-06-27,11488.12
2023-06-28,11488.12
2023-06-29,11488.12
2023-06-30,11488.12
2023-07-01,11488.12
2023-07-02,11488.12
2023-07-03,11522.13
2023-07-04,11534.99
2023-07-05,11541.0
2023-07-06,11530.47
2023-07-07,11553.06
2023-07-08,11553.06
2023-07-09,11553.06
2023-07-10,11570.09
2023-07-11,11555.59
2023-07-12,11574.13
2023-07-13,11593.01
2023-07-14,11582.14
2023-07-15,11582.14
2023-07-16,11582.14
2023-07-17,11577.66
2023-07-18,11589.16
2023-07-19,11608.03
2023-07-20,11600.11
2023-07-21,11592.99
2023-07-22,11592.99
2023-07-23,11592.99
2023-07-24,11610.02
2023-07-25,11595.02
2023-07-26,11613.06
2023-07-27,11624.92
2023-07-28,11600.14
2023-07-29,11600.14
2023-07-30,11600.14
2023-07-31,11600.17
2023-08-01,11618.15
2023-08-02,11633.11
2023-08-03,11655.01
2023-08-04,11647.79
2023-08-05,11647.79
2023-08-06,11647.79
2023-08-07,11660.02
2023-08-08,11675.01
2023-08-09,11664.86
2023-08-10,11667.0
2023-08-11,12075.03
2023-08-12,12075.03
2023-08-13,12075.03
2023-08-14,12041.88
2023-08-15,12062.04
2023-08-16,12074.99
2023-08-17,12089.0
2023-08-18,12066.19
2023-08-19,12066.19
2023-08-20,12066.19
2023-08-21,12078.01
2023-08-22,12100.02
2023-08-23,12089.93
2023-08-24,12067.55
2023-08-25,12049.02
2023-08-26,12049.02
2023-08-27,12049.02
2023-08-28,12070.1
2023-08-29,12072.21
2023-08-30,12084.84
2023-08-31,12089.97
2023-09-01,12089.97
2023-09-02,12089.97
2023-09-03,12089.97
2023-09-04,12102.0
2023-09-05,12118.07
2023-09-06,12129.99
2023-09-07,12142.11
2023-09-08,12137.16
2023-09-09,12137.16
2023-09-10,12137.16
2023-09-11,12147.25
2023-09-12,12163.53
2023-09-13,12180.0
2023-09-14,12162.04
2023-09-15,12154.02
2023-09-16,12154.02
2023-09-17,12154.02
2023-09-18,12174.99
2023-09-19,12160.39
2023-09-20,12168.04
2023-09-21,12178.1
2023-09-22,12190.01
2023-09-23,12190.01
2023-09-24,12190.01
2023-09-25,12212.07
2023-09-26,12206.13
2023-09-27,12195.1
2023-09-28,12183.01
2023-09-29,12175.07
2023-09-30,12175.07
2023-10-01,12175.07
2023-10-02,12175.07
2023-10-03,12200.12
2023-10-04,12216.01
2023-10-05,12207.92
2023-10-06,12198.12
2023-10-07,12198.12
2023-10-08,12198.12
2023-10-09,12189.81
2023-10-10,12180.05
2023-10-11,12200.22
2023-10-12,12216.09
2023-10-13,12229.01
2023-10-14,12229.01
2023-10-15,12229.01
2023-10-16,12217.85
2023-10-17,12201.05
2023-10-18,12195.07
2023-10-19,12206.93
2023-10-20,12231.01
2023-10-21,12231.01
2023-10-22,12231.01
2023-10-23,12210.0
2023-10-24,12218.04
2023-10-25,12199.93
2023-10-26,12195.13
2023-10-27,12210.08
2023-10-28,12210.08
2023-10-29,12210.08
2023-10-30,12228.05
2023-10-31,12219.23
2023-11-01,12234.42
2023-11-02,12249.0
2023-11-03,12240.01
2023-11-04,12240.01
2023-11-05,12240.01
2023-11-06,12254.0
2023-11-07,12270.0
2023-11-08,12280.08
2023-11-09,12297.01
2023-11-10,12288.04
2023-11-11,12288.04
2023-11-12,12288.04
2023-11-13,12270.11
2023-11-14,12281.14
2023-11-15,12289.98
2023-11-16,12282.0
2023-11-17,12270.1
2023-11-18,12270.1
2023-11-19,12270.1
2023-11-20,12280.0
2023-11-21,12277.42
2023-11-22,12270.07
2023-11-23,12289.03
2023-11-24,12304.98
2023-11-25,12304.98
2023-11-26,12304.98
2023-11-27,12296.16
2023-11-28,12310.04
2023-11-29,12315.0
2023-11-30,12297.88
2023-12-01,12280.01
2023-12-02,12280.01
2023-12-03,12280.01
2023-12-04,12300.09
2023-12-05,12272.0
2023-12-06,12289.4
2023-12-07,12305.17
2023-12-08,12305.17
2023-12-09,12305.17
2023-12-10,12305.17
2023-12-11,12311.98
2023-12-12,12327.01
2023-12-13,12349.0
2023-12-14,12367.0
2023-12-15,12358.03
2023-12-16,12358.03
2023-12-17,12358.03
2023-12-18,12377.49
2023-12-19,12386.68
2023-12-20,12371.7
2023-12-21,12389.97
2023-12-22,12369.84
2023-12-23,12369.84
2023-12-24,12369.84
2023-12-25,12357.11
2023-12-26,12347.63
2023-12-27,12354.83
2023-12-28,12350.16
2023-12-29,12338.77
2023-12-30,12338.77
2023-12-31,12338.77
2024-01-01,12338.77
2024-01-02,12338.77
2024-01-03,12352.86
2024-01-04,12345.12
2024-01-05,12341.54
2024-01-06,12355.16
2024-01-07,12355.16
2024-01-08,12384.0
2024-01-09,12390.08
2024-01-10,12397.04
2024-01-11,12418.03
2024-01-12,12416.0
2024-01-13,12416.0
2024-01-14,12416.0
2024-01-15,12401.88
2024-01-16,12409.01
2024-01-17,12415.05
2024-01-18,12427.0
2024-01-19,12420.15
2024-01-20,12420.15
2024-01-21,12420.15
2024-01-22,12407.0
2024-01-23,12418.01
2024-01-24,12435.0
2024-01-25,12421.76
2024-01-26,12412.0
2024-01-27,12412.0
2024-01-28,12412.0
2024-01-29,12400.0
2024-01-30,12424.0
2024-01-31,12430.05
2024-02-01,12420.24
2024-02-02,12433.0
2024-02-03,12433.0
2024-02-04,12433.0
2024-02-05,12448.01
2024-02-06,12469.89
2024-02-07,12484.0
2024-02-08,12458.02
2024-02-09,12464.91
2024-02-10,12464.91
2024-02-11,12464.91
2024-02-12,12460.0
2024-02-13,12469.65
2024-02-14,12480.04
2024-02-15,12486.06
2024-02-16,12497.01
2024-02-17,12497.01
2024-02-18,12497.01
2024-02-19,12489.92
2024-02-20,12480.14
2024-02-21,12475.51
2024-02-22,12495.03
2024-02-23,12508.0
2024-02-24,12508.0
2024-02-25,12508.0
2024-02-26,12490.0
2024-02-27,12480.9
2024-02-28,12500.01
2024-02-29,12484.94
2024-03-01,12496.8
2024-03-02,12496.8
2024-03-03,12496.8
2024-03-04,12514.45
2024-03-05,12525.01
2024-03-06,12526.39
2024-03-07,12510.86
2024-03-08,12510.86
2024-03-09,12510.86
2024-03-10,12510.86
2024-03-11,12503.11
2024-03-12,12513.01
2024-03-13,12534.01
2024-03-14,12546.02
2024-03-15,12567.01
2024-03-16,12567.01
2024-03-17,12567.01
2024-03-18,12570.0
2024-03-19,12559.86
2024-03-20,12561.87
2024-03-21,12561.87
2024-03-22,12561.87
2024-03-23,12561.87
2024-03-24,12561.87
2024-03-25,12575.0
2024-03-26,12597.07
2024-03-27,12590.0
2024-03-28,12600.14
2024-03-29,12620.09
2024-03-30,12620.09
2024-03-31,12620.09
2024-04-01,12628.05
2024-04-02,12645.0
2024-04-03,12633.52
2024-04-04,12668.0
2024-04-05,12680.07
2024-04-06,12680.07
2024-04-07,12680.07
2024-04-08,12685.08
2024-04-09,12675.88
2024-04-10,12675.88
2024-04-11,12675.88
2024-04-12,12675.88
2024-04-13,12664.23
2024-04-14,12664.23
2024-04-15,12667.0
2024-04-16,12654.57
2024-04-17,12671.84
2024-04-18,12694.96
2024-04-19,12697.0
2024-04-20,12697.0
2024-04-21,12697.0
2024-04-22,12690.0
2024-04-23,12711.0
2024-04-24,12705.0
2024-04-25,12689.97
2024-04-26,12640.21
2024-04-27,12640.21
2024-04-28,12640.21
2024-04-29,12662.01
2024-04-30,12620.01
2024-05-01,12610.17
2024-05-02,12632.22
2024-05-03,12670.05
2024-05-04,12670.05
2024-05-05,12670.05
2024-05-06,12675.0
2024-05-07,12648.12
2024-05-08,12683.99
2024-05-09,12683.99
2024-05-10,12695.0
2024-05-11,12695.0
2024-05-12,12695.0
2024-05-13,12718.08
2024-05-14,12699.85
2024-05-15,12710.95
2024-05-16,12727.96
2024-05-17,12720.0
2024-05-18,12720.0
2024-05-19,12720.0
2024-05-20,12694.87
2024-05-21,12687.7
2024-05-22,12708.86
2024-05-23,12724.72
2024-05-24,12712.88
2024-05-25,12712.88
2024-05-26,12712.88
2024-05-27,12704.68
2024-05-28,12679.99
2024-05-29,12650.09
2024-05-30,12640.87
2024-05-31,12619.83
2024-06-01,12619.83
2024-06-02,12619.83
2024-06-03,12599.85
2024-06-04,12614.95
2024-06-05,12665.03
2024-06-06,12676.03
2024-06-07,12659.97
2024-06-08,12659.97
2024-06-09,12659.97
2024-06-10,12646.87
2024-06-11,12634.92
2024-06-12,12598.05
2024-06-13,12621.01
2024-06-14,12614.8
2024-06-15,12614.8
2024-06-16,12614.8
2024-06-17,12614.8
2024-06-18,12614.8
2024-06-19,12627.02
2024-06-20,12643.91
2024-06-21,12639.81
2024-06-22,12639.81
2024-06-23,12639.81
2024-06-24,12625.18
2024-06-25,12599.92
2024-06-26,12586.41
2024-06-27,12580.27
2024-06-28,12555.16
2024-06-29,12555.16
2024-06-30,12555.16
2024-07-01,12557.67
2024-07-02,12585.01
2024-07-03,12571.9
2024-07-04,12584.05
2024-07-05,12600.05
2024-07-06,12600.05
2024-07-07,12600.05
2024-07-08,12603.72
2024-07-09,12618.26
2024-07-10,12630.03
2024-07-11,12632.88
2024-07-12,12655.02
2024-07-13,12655.02
2024-07-14,12655.02
2024-07-15,12635.27
2024-07-16,12607.62
2024-07-17,12586.03
2024-07-18,12587.94
2024-07-19,12601.08
2024-07-20,12601.08
2024-07-21,12601.08
2024-07-22,12610.04
2024-07-23,12593.04
2024-07-24,12584.28
2024-07-25,12625.04
2024-07-26,12634.0
2024-07-27,12634.0
2024-07-28,12634.0
2024-07-29,12599.83
2024-07-30,12574.38
2024-07-31,12541.04
2024-08-01,12544.11
2024-08-02,12574.88
2024-08-03,12574.88
2024-08-04,12574.88
2024-08-05,12581.86
2024-08-06,12594.85
2024-08-07,12615.97
2024-08-08,12640.01
2024-08-09,12651.98
2024-08-10,12651.98
2024-08-11,12651.98
2024-08-12,12643.0
2024-08-13,12630.96
2024-08-14,12619.96
2024-08-15,12622.77
2024-08-16,12650.05
2024-08-17,12650.05
2024-08-18,12650.05
2024-08-19,12658.0
2024-08-20,12640.93
2024-08-21,12625.21
2024-08-22,12645.01
2024-08-23,12677.04
2024-08-24,12677.04
2024-08-25,12677.04
2024-08-26,12688.08
2024-08-27,12669.65
2024-08-28,12652.19
2024-08-29,12673.94
2024-08-30,12625.01
2024-08-31,12625.01
2024-09-01,12625.01
2024-09-02,12625.01
2024-09-03,12625.01
2024-09-04,12640.04
2024-09-05,12650.26
2024-09-06,12707.95
2024-09-07,12707.95
2024-09-08,12707.95
2024-09-09,12700.1
2024-09-10,12681.79
2024-09-11,12686.71
2024-09-12,12715.07
2024-09-13,12741.76
2024-09-14,12741.76
2024-09-15,12741.76
2024-09-16,12749.75
2024-09-17,12729.48
2024-09-18,12732.56
2024-09-19,12739.95
2024-09-20,12724.84
2024-09-21,12724.84
2024-09-22,12724.84
2024-09-23,12729.83
2024-09-24,12747.29
2024-09-25,12754.83
2024-09-26,12757.65
2024-09-27,12736.48
2024-09-28,12736.48
2024-09-29,12736.48
2024-09-30,12715.42
2024-10-01,12715.42
2024-10-02,12739.99
2024-10-03,12757.94
2024-10-04,12741.02
2024-10-05,12741.02
2024-10-06,12741.02
2024-10-07,12775.02
2024-10-08,12794.88
2024-10-09,12787.03
2024-10-10,12778.0
2024-10-11,12768.3
2024-10-12,12768.3
2024-10-13,12768.3
2024-10-14,12780.14
2024-10-15,12803.05
2024-10-16,12793.03
2024-10-17,12777.06
2024-10-18,12803.06
2024-10-19,12803.06
2024-10-20,12803.06
2024-10-21,12815.13
2024-10-22,12805.09
2024-10-23,12817.85
2024-10-24,12827.9
2024-10-25,12816.11
2024-10-26,12816.11
2024-10-27,12816.11
2024-10-28,12808.39
2024-10-29,12794.92
2024-10-30,12784.97
2024-10-31,12774.34
2024-11-01,12780.09
2024-11-02,12780.09
2024-11-03,12780.09
2024-11-04,12795.02
2024-11-05,12790.12
2024-11-06,12774.98
2024-11-07,12786.98
2024-11-08,12809.05
2024-11-09,12809.05
2024-11-10,12809.05
2024-11-11,12822.98
2024-11-12,12803.81
2024-11-13,12793.38
2024-11-14,12808.03
2024-11-15,12800.13
2024-11-16,12800.13
2024-11-17,12800.13
2024-11-18,12812.3
2024-11-19,12825.01
2024-11-20,12844.0
2024-11-21,12855.93
2024-11-22,12844.21
2024-11-23,12844.21
2024-11-24,12844.21
2024-11-25,12829.07
2024-11-26,12814.78
2024-11-27,12820.47
2024-11-28,12848.38
2024-11-29,12865.05
2024-11-30,12865.05
2024-12-01,12865.05
2024-12-02,12852.0
2024-12-03,12838.33
2024-12-04,12825.43
2024-12-05,12813.04
2024-12-06,12837.1
2024-12-07,12837.1
2024-12-08,12837.1
2024-12-09,12837.1
2024-12-10,12861.25
2024-12-11,12874.02
2024-12-12,12865.66
2024-12-13,12860.09
2024-12-14,12880.0
2024-12-15,12880.0
2024-12-16,12892.97
2024-12-17,12874.86
2024-12-18,12869.9
2024-12-19,12861.83
2024-12-20,12875.06
2024-12-21,12875.06
2024-12-22,12875.06
2024-12-23,12893.07
2024-12-24,12902.0
2024-12-25,12909.8
2024-12-26,12928.27
2024-12-27,12920.48
2024-12-28,12920.48
2024-12-29,12920.48
2024-12-30,12920.48
2024-12-31,12920.48
